job_idx,cv_col,score_a,score_b,judge_score,reasoning,delta_a,delta_b,closer_system
0,cv_1,88,50,50,"The candidate has relevant skills in Python, SQL, and data pipeline automation, but lacks explicit experience with PyTorch, Scikit-learn, and AI model development mentioned in the job description. Their focus on Power BI and reporting aligns partially with dashboard creation requirements, but core AI/ML tool proficiency is missing.",38.0,0.0,B
0,cv_2,65,35,50,"The candidate has software engineering experience but lacks explicit Python, SQL, and AI/ML tool (PyTorch, Scikit-learn) proficiency required for the Data Science role. General tech skills like Angular/ReactJS are present but not aligned with the job's core requirements.",15.0,15.0,tie
0,cv_4,65,21,30,"The candidate has 11 years of frontend development experience with React/NodeJS and relevant certifications, but lacks explicit Python, SQL, and data science/AI framework (PyTorch, Scikit-learn, Pandas) experience required for the role. While general software development skills are present, the core data science technical stack is missing.",35.0,9.0,B
0,cv_5,88,51,70,"The candidate has strong experience in machine learning and deep learning (PyTorch, Scikit-learn) with relevant projects in geometric deep learning. However, the CV lacks explicit mention of SQL and data pipeline development, which are critical requirements in the job description. The absence of dashboard creation and explicit collaboration with business teams also weakens the match.",18.0,19.0,A
1,cv_3,75,46,70,"The candidate has strong data engineering and machine learning experience with Python, image segmentation, and tensor optimization, aligning with pipeline development needs. However, the job emphasizes deep learning frameworks (TensorFlow/PyTorch) which are not explicitly mentioned in the CV, creating a partial mismatch.",5.0,24.0,A
1,cv_4,65,27,50,"The candidate has strong full-stack web development experience but lacks explicit machine learning/deep learning expertise required by the job. While they have Python experience, there's no mention of TensorFlow/PyTorch or data pipeline development for ML models.",15.0,23.0,A
1,cv_5,65,30,45,"The candidate has strong web/mobile development experience but lacks explicit machine learning/deep learning expertise required (TensorFlow/PyTorch, model deployment). Some cloud experience (Azure/AWS) is relevant, but core ML skills and data pipeline experience are missing.",20.0,15.0,B
2,cv_1,75,34,50,"The candidate has relevant front-end skills (Angular, React) and some backend experience (Express), but lacks key technologies explicitly required in the job description (PHP, Java, Python, Spring, Symfony, MySQL, MongoDB). The two years of experience align partially with the 'expérimenté' requirement, but critical backend framework/database gaps reduce the match score.",25.0,16.0,B
2,cv_2,78,55,55,"The candidate has backend development experience with Python and Go, aligning partially with the job's backend requirements. However, the CV lacks explicit mention of required full-stack technologies like HTML/CSS, PHP, Java, Spring/Symfony, or Angular. DevOps and cloud-native skills are emphasized but not central to this full-stack developer role. Database experience is implied but not confirmed.",23.0,0.0,B
2,cv_3,88,52,55,"The candidate has strong Python and back-end development experience with Django/FastAPI, aligning with some requirements. However, they lack explicit mention of full-stack skills (e.g., Angular, HTML/CSS), required frameworks (Spring/Symfony), and NoSQL databases (MongoDB). The AI/NLP focus is irrelevant to this role, and the partial match on core tech stack warrants a mid-range score.",33.0,3.0,B
2,cv_4,65,49,50,"The candidate has strong AI/ML expertise and Python skills, but lacks explicit experience with required full-stack technologies like PHP, Java, Spring, Symfony, Angular, MySQL, and MongoDB. The role emphasizes web/mobile development and collaboration, which are partially aligned with his AI research background but not fully matched.",15.0,1.0,B
2,cv_5,75,42,50,"The candidate has strong machine learning and deep learning expertise but lacks explicit experience with full-stack web development technologies (PHP, Java, Python, Spring, Symfony, Angular) and databases (MySQL, MongoDB) required by the job. While programming skills are present, the critical tech stack mismatch results in a partial match.",25.0,8.0,B
3,cv_2,88,46,70,"The candidate has strong experience in AI/ML infrastructure, cloud platforms (Azure), and ETL pipeline development, aligning with core job requirements. However, the CV lacks explicit mention of required frameworks like FastAPI, TensorFlow, and PyTorch, which are critical for the role. The Microsoft Azure and AI certifications partially compensate but don't fully address the technical stack requirements.",18.0,24.0,A
3,cv_3,35,20,50,"The candidate has a Master's in Intelligent Computer Systems and full-stack development experience, which partially aligns with the AI Engineer role. However, the CV lacks explicit mention of required AI/ML frameworks (TensorFlow, PyTorch), machine learning model development, or NLP experience. The focus on web development (Next.js, React) doesn't fully meet the technical requirements for AI system design and deployment.",15.0,30.0,A
3,cv_4,65,42,50,"The candidate has full-stack development experience with React, Symfony, and Flutter, but lacks explicit mention of AI/ML frameworks like TensorFlow/PyTorch required in the job. While they have some machine learning experience listed, the CV doesn't demonstrate robust AI system design or data pipeline implementation expertise central to the role.",15.0,8.0,B
3,cv_5,40,20,50,"The candidate has strong full-stack development experience and some data tools (Elasticsearch), but lacks explicit AI/ML framework experience (TensorFlow/PyTorch) and machine learning model development mentioned in the job requirements. The role emphasizes AI system design and deployment, which is only partially aligned with their front-end heavy full-stack background.",10.0,30.0,A
4,cv_1,88,48,75,"The candidate has strong Azure DevOps and CI/CD experience, aligning with core requirements. However, the CV lacks explicit mention of .Net, Microsoft ecosystem development, and DevSecOps specifics emphasized in the job description. VMware experience is present but Azure-native cloud expertise is implied rather than demonstrated.",13.0,27.0,A
4,cv_2,78,47,50,"The candidate has relevant full-stack development experience with Java, Angular, Kafka, and API integration, which partially aligns with DevOps and cloud-native development. However, the CV lacks explicit mention of Azure, DevSecOps, .Net, or cloud infrastructure expertise required by the job. The absence of direct cloud migration and security implementation experience significantly reduces the match score.",28.0,3.0,B
4,cv_3,65,35,30,"The candidate's profile focuses on data science, analytics, and project management with no direct experience in cloud infrastructure, DevOps, or Azure technologies. While Agile/Scrum and project management skills are relevant, the core technical requirements (cloud architecture, DevSecOps, CI/CD implementation) are completely missing.",35.0,5.0,B
4,cv_4,65,43,50,"The candidate has strong full-stack development experience with MERN stack and system design, but lacks explicit mention of Azure, DevOps, CI/CD pipelines, or cloud-native architecture required for the role. The profile partially aligns with general software engineering skills but misses critical cloud and DevSecOps competencies specified in the job description.",15.0,7.0,B
4,cv_5,75,32,50,"The candidate has DevOps skills and experience with cloud-related projects, but their primary expertise lies in machine learning and deep learning, not cloud architecture or Microsoft Azure. Key requirements like Azure migration, cloud-native development, and .Net experience are missing, though DevOps alignment is partial.",25.0,18.0,B
5,cv_1,88,25,65,"The candidate has strong data analysis experience with Power BI, Python, and SQL, aligning with core requirements. However, the CV lacks explicit mention of Qlik Sense and Looker (critical tools in the job description) and does not demonstrate stakeholder collaboration or pipeline management specifics. The aerospace industry experience is also unverified.",23.0,40.0,A
5,cv_2,65,29,40,"The candidate has strong software engineering experience but lacks explicit data analysis, visualization (Power BI/Qlik), and data pipeline management skills required. Technical skills align partially (Python/SQL not emphasized in CV), but core job requirements are unmet.",25.0,11.0,B
5,cv_3,65,27,50,"The candidate has relevant SQL skills (T-SQL) and backend development experience, but lacks explicit mention of critical requirements like Power BI, Qlik Sense, Python, or data pipeline management. His frontend framework experience (Angular/React) is not aligned with the data analyst role's focus on visualization tools and data processing.",15.0,23.0,A
5,cv_4,65,30,30,"The candidate has strong software development experience in .NET and Fintech but lacks explicit skills in Python, SQL, or data visualization tools (Power BI, Qlik Sense, Looker) required for the Data Analyst role. Core job requirements like data pipeline management and analysis are not addressed in the CV.",35.0,0.0,B
5,cv_5,75,28,50,"The candidate has strong machine learning and deep learning experience but lacks explicit mention of key data analyst tools like Power BI, Qlik Sense, or Looker required by the job. While Python and SQL skills are present, the focus on ML engineering rather than data pipeline management and visualization creates a partial match.",25.0,22.0,B
6,cv_1,82,51,65,"The candidate has relevant skills in Python, SQL, and data analysis, aligning with the job's technical requirements. However, the CV lacks explicit mention of machine learning model development (a key requirement) and Git/GitHub experience. Their focus on reporting and automation partially matches the role but misses critical predictive modeling aspects.",17.0,14.0,B
6,cv_2,88,28,55,"The candidate has 18 years of software engineering experience and AI-related certifications, which partially align with the data science role. However, the CV lacks explicit mentions of Python, SQL, Git/GitHub (core stack requirements) and detailed machine learning model development experience. The focus on SaaS and software services rather than data analysis/interpretation creates a partial mismatch.",33.0,27.0,B
6,cv_3,88,51,75,"The candidate has strong Python, machine learning, and data science experience, aligning with core requirements. However, the CV lacks explicit mention of SQL, Git/GitHub (critical stack components) and formal presentation experience to leadership. The role emphasizes collaboration and clear communication, which are partially addressed but not fully detailed.",13.0,24.0,A
6,cv_4,65,19,35,"The candidate has strong DevOps and infrastructure skills (Kubernetes, IaC, cloud certifications) but lacks explicit data science experience (e.g., Python/SQL for analytics, ML modeling, data interpretation). The job requires core data science competencies not aligned with the CV's focus on infrastructure and DevSecOps. Partial overlap in Python and Git/GitHub usage explains a low-to-moderate score.",30.0,16.0,B
6,cv_5,88,42,70,"The candidate has strong machine learning and deep learning experience, aligning with the job's modeling requirements. However, the CV lacks explicit mention of SQL and collaboration skills emphasized in the job description. The focus on geometric deep learning is niche compared to the general data science scope requested.",18.0,28.0,A
7,cv_1,65,35,50,"The candidate has relevant machine learning and Python experience but lacks explicit Bayesian modeling (Stan/ArviZ) expertise and energy industry domain knowledge required. The CV mentions fintech applications rather than energy-specific projects, and key tools like DeepLabCut or RegEx aren't highlighted.",15.0,15.0,tie
7,cv_2,65,38,50,"The candidate has relevant data analysis skills (Python, SQL, R) and experience with data cleaning/dashboards, but lacks explicit expertise in machine learning, Bayesian modeling (Stan/ArviZ), and team supervision required for the role. Key technical requirements like DeepLabCut, LATEX, and energy industry-specific ML applications are unaddressed.",15.0,12.0,B
7,cv_3,65,31,55,"The candidate has relevant Python/data science skills and Agile certifications, but lacks explicit experience in Bayesian modeling (Stan/ArviZ) or energy sector ML projects. The CV mentions AI foundations and data engineering, but not the specific energy forecasting or recommendation systems required.",10.0,24.0,A
7,cv_4,65,40,45,"The candidate's profile focuses on network engineering and IT security (HPE Aruba, CCNA, Wireshark), which is unrelated to the data science requirements (machine learning, Bayesian modeling, Python/R stack). While they have 3+ years of experience, the skillset mismatch is significant, with no overlap in core technical competencies or domain expertise in energy industry data analysis.",20.0,5.0,B
7,cv_5,25,33,28,"The candidate has strong full-stack development experience but lacks essential data science skills like machine learning, Bayesian modeling, and tools such as Python (though mentioned, context is unclear), Stan, or ArviZ. The CV shows no alignment with energy industry analytics or statistical modeling requirements.",3.0,5.0,A
8,cv_1,88,24,65,"The candidate has strong machine learning and deep learning skills with Python, TensorFlow, and PyTorch, aligning with core requirements. However, the CV lacks explicit mention of R, SQL, scikit-learn, MLOps, and data pipeline experience, which are critical in the job description. Certifications and language skills add value but don't compensate for missing technical competencies.",23.0,41.0,A
8,cv_4,78,27,30,"The candidate's profile focuses on creative design and immersive technology, with no evidence of data science, machine learning, or relevant technical skills (e.g., Python, TensorFlow). While they have project management experience, core job requirements like MLOps, predictive modeling, and data pipeline expertise are entirely absent.",48.0,3.0,B
8,cv_5,35,12,30,"The candidate has strong full-stack development experience but lacks explicit data science/machine learning expertise required by the job. While Python is mentioned, there's no evidence of TensorFlow, PyTorch, or MLOps experience. The profile shows technical competence but misaligns with the core data science focus of the role.",5.0,18.0,A
9,cv_1,88,40,70,"The candidate has strong data analysis experience with Python, SQL, and Power BI, aligning with core data science tasks. However, the CV lacks explicit mention of R, SAS, MongoDB, and predictive modeling (e.g., regression models) required in the job description. The Master's in Econometrics provides relevant statistical foundations, but tool gaps reduce the match score.",18.0,30.0,A
9,cv_2,88,28,70,"The candidate has strong AI/ML experience and relevant technical skills (Python, NLP), aligning with data science requirements. However, the job emphasizes regression models, data mining, and tools like R/SAS/MongoDB, which are not explicitly covered in the CV. Academic background in economics/statistics is a good match, but specific data science project details are missing.",18.0,42.0,A
9,cv_3,35,40,30,"The candidate has strong software development experience (SAP, Java, Spring Boot) but lacks direct data science skills like regression modeling, data mining, or statistical analysis. Required tools like Python/R/SAS are not mentioned, and the focus on web development (Angular, SAPUI5) misaligns with the data science role. Only partial overlap in data-related projects.",5.0,10.0,A
9,cv_4,65,43,50,"The candidate has a relevant academic background in Econometrics and Applied Statistics, aligning with the data science role. However, their professional experience focuses on software engineering (Java/.NET) rather than data science tasks like predictive modeling or data visualization. Key tools mentioned in the job (Python, R, SAS) are absent from the CV, though SQL and Git are present. The partial match justifies a mid-range score.",15.0,7.0,B
9,cv_5,65,27,30,"The candidate has IT/networking experience and certifications but lacks core data science skills (Python/R/SAS, statistical modeling, data visualization) and educational background in economics/statistics required for the role. Partial overlap in technical skills but critical requirements are missing.",35.0,3.0,B
10,cv_1,78,35,65,"The candidate has relevant data analysis experience with Python, SQL, and data pipeline automation, aligning with some technical requirements. However, the CV lacks explicit mention of econometric modeling, statistical analysis (e.g., predictive/explanatory models), or tools like R/SAS emphasized in the job description. The role requires deeper statistical expertise not fully demonstrated here.",13.0,30.0,A
10,cv_2,65,29,50,"The candidate has relevant Python and machine learning experience, but the job requires econometric/statistical expertise not explicitly demonstrated. The CV emphasizes computer vision and GANs rather than the predictive modeling and statistical analysis central to the role. Key tools like R/SAS are missing, and the internships focus on AI research rather than econometric applications.",15.0,21.0,A
10,cv_3,65,28,50,"The candidate has a relevant engineering background and data-related education, but their current role and skills focus on cloud infrastructure and DevOps rather than data science/econometrics. They lack explicit experience with Python/R/SAS and statistical modeling tools required for the role, though they may have transferable analytical skills.",15.0,22.0,A
10,cv_4,65,29,50,"The candidate's profile focuses on robotics, product design, and mechanical engineering, with no explicit mention of data science, econometrics, or statistical modeling skills required for the role. While problem-solving and technical experience are present, critical requirements like Python/R/SAS proficiency and machine learning expertise are missing.",15.0,21.0,A
10,cv_5,45,15,0,"The candidate is a senior mobile developer with no relevant data science/econometrics experience or technical skills (Python/R/SAS, machine learning libraries). The profile is entirely unrelated to the data science role requirements.",45.0,15.0,B
11,cv_1,88,26,65,"The candidate has relevant skills in Python, SQL, and data analysis, aligning with some job requirements. However, the CV lacks explicit mention of R, Hadoop, Spark, and predictive modeling experience, which are critical for the Data Scientist role. The experience in business growth through data is implied but not detailed.",23.0,39.0,A
11,cv_2,65,20,30,"The candidate has technical certifications and cloud engineering experience but lacks explicit data science skills (Python/R/SQL), statistical analysis experience, and business growth-driven data projects required for the role. Partial overlap in technical proficiency exists but key requirements are missing.",35.0,10.0,B
11,cv_3,65,38,35,"The candidate has a computer science background and SQL experience, but lacks critical data science skills like Python, R, Hadoop, or Spark mentioned in the job description. Their experience is focused on full-stack development (ASP.NET, Angular) rather than data modeling or statistical analysis, making them a weak fit for the role.",30.0,3.0,B
11,cv_4,78,50,75,"The candidate has strong data engineering and machine learning experience with Python, SQL, and tools like Airflow/Kafka, which align with technical requirements. However, the job explicitly mentions R, Hadoop, and Spark, which are not listed in the CV. The absence of direct business growth impact examples and R proficiency creates a partial mismatch.",3.0,25.0,A
11,cv_5,88,46,60,"The candidate has strong machine learning and deep learning experience, particularly in research-oriented projects like geometric deep learning. However, the CV lacks explicit mention of required tools like R, SQL, Hadoop, and Spark. The focus on academic research rather than business-driven data analysis for growth also creates a partial mismatch with the job's emphasis on commercial applications.",28.0,14.0,B
12,cv_1,78,40,50,"The candidate has AI and software development experience, including RAG and full-stack engineering, which partially aligns with the job's AI focus. However, the CV lacks explicit mention of embedded systems, hardware design, firmware development, or Edge AI optimization—core requirements of the role. The experience is more general software/AI engineering than the specialized Edge AI and embedded systems expertise requested.",28.0,10.0,B
12,cv_2,68,34,50,"The candidate has strong data science and Python skills relevant to AI, but lacks explicit experience in Edge AI, embedded systems, firmware development, or low-power system design required by the job. Certifications and consulting roles do not fully align with the technical hardware-software integration focus of the position.",18.0,16.0,B
12,cv_3,78,44,50,"The candidate has relevant software development and DevOps experience but lacks explicit expertise in Edge AI, embedded systems, firmware development, or low-power design required by the job. Partial overlap exists in Python and toolchain experience, but core technical requirements are unmet.",28.0,6.0,B
12,cv_4,88,30,50,"The candidate has strong creative and design experience in AR/XR and spatial design, which partially aligns with the job's need for system design. However, the CV lacks explicit technical skills in Edge AI, embedded systems, firmware development, or low-power AI optimization required for the role. The mismatch in core technical requirements justifies a mid-range score.",38.0,20.0,B
12,cv_5,78,40,50,"The candidate has strong deep learning and machine learning experience, particularly in geometric deep learning and computer vision projects. However, the job requires embedded systems expertise, firmware development, and edge AI optimization which are not addressed in the CV. The profile partially matches but lacks critical hardware and edge computing skills.",28.0,10.0,B
13,cv_1,65,29,50,"The candidate has relevant full-stack development experience and Scrum methodology knowledge, aligning with some job requirements. However, the CV lacks explicit mention of PHP, WordPress/Drupal frameworks, and Stripe integration—key technical requirements in the job description. The partial match results in a moderate score.",15.0,21.0,A
13,cv_2,88,18,55,"The candidate has strong technical skills in game development and interactive systems but lacks explicit experience with the required web development stack (PHP, WordPress, Drupal, Stripe). While they demonstrate engineering capabilities, the CV doesn't align with the core web development technologies specified in the job description.",33.0,37.0,A
13,cv_3,75,35,50,"The candidate has relevant front-end skills (JavaScript, React) and full-stack experience but lacks key required technologies like PHP, WordPress, and Drupal. The job emphasizes specific CMS frameworks and back-end languages not mentioned in the CV, resulting in a partial match.",25.0,15.0,B
13,cv_4,78,16,20,"The candidate's CV lacks essential web development skills (HTML5, PHP, JavaScript, WordPress/Drupal) required for the role. While they have communication and academic achievements, the technical mismatch is significant. Partial overlap in language skills (English/French) exists but does not compensate for missing core competencies.",58.0,4.0,B
13,cv_5,75,35,50,"The candidate has strong machine learning and deep learning expertise but lacks explicit experience with the required web development stack (PHP, WordPress, Drupal, Stripe). While they mention JavaScript (via NestJS) and SQL, the core web development skills emphasized in the job description are missing.",25.0,15.0,B
14,cv_1,88,42,75,"The candidate has strong experience in Azure, Kubernetes, CI/CD, and cloud infrastructure, aligning with most technical requirements. However, the job emphasizes AWS alongside Azure, which is missing from the CV. Security/monitoring specifics are also not explicitly mentioned, creating a partial mismatch.",13.0,33.0,A
14,cv_2,65,27,30,"The candidate has full-stack development experience but lacks explicit DevOps skills (e.g., cloud platforms, CI/CD pipelines, infrastructure automation) required for the role. The CV emphasizes web development (MERN, Angular, Spring Boot) rather than DevOps-specific tools like Kubernetes, Jenkins, or Ansible mentioned in the job description.",35.0,3.0,B
14,cv_3,65,33,35,"The candidate has 11 years of frontend development experience but no explicit DevOps, cloud (AWS/Azure), or CI/CD tool (Kubernetes, Jenkins, Ansible) expertise mentioned. While Git and Agile are relevant, core DevOps requirements are unmet, making the match weak.",30.0,2.0,B
14,cv_4,65,26,30,"The candidate has a junior data analyst profile with skills in Python, Hadoop, and Spark, but lacks DevOps-specific expertise (AWS/Azure, Kubernetes, Jenkins, Ansible) and senior-level system architecture experience required for the role. Their certifications and work history align with data analysis, not cloud infrastructure or DevOps engineering.",35.0,4.0,B
14,cv_5,65,39,50,"The candidate has some DevOps experience but lacks explicit mention of critical job requirements like AWS/Azure cloud solutions, Jenkins, Ansible, or monitoring tools. Their focus on machine learning and geometric deep learning projects does not align with the operational DevOps role described.",15.0,11.0,B
15,cv_1,78,35,65,"The candidate has strong full-stack experience with Java, React, JavaScript, and Git, aligning with several key requirements. However, critical technologies like Go, Python, PostgreSQL, MongoDB, and Django are missing from their profile, which are explicitly listed in the job description. Their DevOps and cloud certifications add value but don't compensate for the missing backend/database stack.",13.0,30.0,A
15,cv_2,35,30,50,"The candidate has relevant full-stack experience with Java/Spring and front-end frameworks (Angular, Vue3), but lacks key required technologies like React, NodeJS, Express, Python, Go, and Django. Database experience is unmentioned, and GitLab/GitHub usage is implied but not explicitly stated.",15.0,20.0,A
15,cv_3,75,30,50,"The candidate has Python/Django experience and Agile certifications, which partially align with the job's full-stack requirements. However, they lack critical skills like JavaScript, React, NodeJS, and Go explicitly mentioned in the job description. The absence of database management experience with PostgreSQL/MongoDB further reduces alignment.",25.0,20.0,B
15,cv_4,65,34,20,"The candidate's profile is in telecommunications and electrical engineering, with no relevant software development experience. They lack the required skills in Java, JavaScript, NodeJS, React, and other key technologies listed in the job description. While they have project management and team collaboration skills, the core technical requirements for a full-stack developer role are not met.",45.0,14.0,B
15,cv_5,75,31,50,"The candidate has relevant skills in Python and JavaScript (via NestJS) but lacks explicit experience with Java, Go, PostgreSQL, MongoDB, Django, and full-stack web development frameworks like React/Express mentioned in the job. Their focus on machine learning and geometric deep learning aligns partially with the technical stack but misses core full-stack development requirements.",25.0,19.0,B
16,cv_1,88,58,75,"The candidate has 5+ years of data analysis experience with Power BI, Python, SQL, and Azure, aligning with core requirements. However, the job explicitly requires SSRS, SSMS, and SSIS (Microsoft SQL Server tools) which are not mentioned in the CV. While related skills exist, the absence of these specific tools reduces the match score.",13.0,17.0,A
16,cv_2,65,22,30,"The candidate has a strong technical background in telecommunications and electrical engineering but lacks direct experience in data analysis, business intelligence tools (Power BI, SSRS, etc.), or KPI tracking required for the role. Their skills align more with network troubleshooting than data-driven decision-making.",35.0,8.0,B
16,cv_3,65,23,40,"The candidate has technical and project coordination experience but lacks specific data analysis tools (Power BI, SSRS, SSMS, SSIS) and analytical skills required for the role. Their expertise in telecommunications and electrical engineering is unrelated to the data analyst position.",25.0,17.0,B
16,cv_4,78,21,50,"The candidate has relevant skills like SQL and data analysis experience but lacks explicit mention of Power BI, SSRS, SSMS, and SSIS required in the job description. Their focus on machine learning and NLP aligns partially but doesn't fully match the data analyst role's toolset requirements.",28.0,29.0,A
16,cv_5,75,26,50,"The candidate has relevant skills in data analysis (Power BI) and machine learning, but the job requires specific tools like SSRS, SSMS, and SSIS which are not mentioned. Their experience focuses on deep learning projects rather than data pipeline coordination or KPI monitoring, which are core to the role.",25.0,24.0,B
17,cv_1,78,41,55,"The candidate has relevant DevOps experience (3.5 years) and skills in Terraform, Docker, and CI/CD tools like GitHub Actions, which align with the job's requirements. However, the job emphasizes Kubernetes, AWS, Prometheus, and Grafana, which are not mentioned in the CV. The absence of Kubernetes and AWS experience significantly reduces the match score, as these are core technologies listed in the job description.",23.0,14.0,B
17,cv_2,88,34,50,"The candidate has relevant DevOps experience and skills in Terraform and Python, aligning partially with the job's requirements. However, critical technologies like Kubernetes, AWS, Docker, Prometheus, and Grafana are missing from her profile, which are explicitly listed in the job description. This creates a partial match with key requirements unmet.",38.0,16.0,B
17,cv_3,40,31,35,"The candidate has backend development experience and some programming skills, but lacks explicit DevOps expertise (Kubernetes, Terraform, AWS, etc.) required by the job. Core DevOps tools and automation experience are missing, making the match partial.",5.0,4.0,B
17,cv_4,65,27,35,"The candidate has AI/ML expertise and AWS experience, but lacks critical DevOps skills like Kubernetes, Terraform, and Docker explicitly required in the job. While some cloud exposure exists, the core DevOps toolchain and pipeline automation experience are missing, making the match partial but not strong.",30.0,8.0,B
17,cv_5,65,40,50,"The candidate has a top skill listed as DevOps but their experience focuses on machine learning and geometric deep learning projects. The CV lacks explicit mention of key required technologies like Kubernetes, Terraform, AWS, Docker, Prometheus, or Grafana, which are central to the job description.",15.0,10.0,B
18,cv_1,65,31,40,"The candidate has full-stack development experience and Agile methodology knowledge, which align partially with the job requirements. However, critical technical requirements like PHP/Symfony, Docker, and specific database technologies (MySQL/PostgreSQL/Doctrine) are missing from the CV, creating a significant mismatch for this role.",25.0,9.0,B
18,cv_2,88,56,55,"The candidate has strong DevOps/cloud expertise (Kubernetes, OpenShift, Docker) and DevOps certifications, which align partially with the job's DevOps requirements. However, the CV lacks explicit mention of required full-stack skills like PHP/Symfony, MySQL/PostgreSQL, and front-end development. The absence of core back-end technologies (PHP, Symfony) and database experience creates significant gaps in meeting the primary technical requirements.",33.0,1.0,B
18,cv_3,65,49,50,"The candidate's profile focuses on machine learning, data science, and digital transformation, with no mention of PHP, Symfony, Docker, or database management (MySQL/PostgreSQL/Doctrine) required for the full-stack developer role. While some soft skills and project management experience align, the core technical requirements are missing.",15.0,1.0,B
18,cv_4,75,42,50,"The candidate has relevant back-end skills (Flask/FastAPI, Git/GitHub) and data engineering experience, but lacks critical requirements like PHP/Symfony, Docker, and MySQL/PostgreSQL. Their focus on data science/AI misaligns with the full-stack development role.",25.0,8.0,B
18,cv_5,75,36,50,"The candidate has relevant DevOps experience and Git skills but lacks core PHP/Symfony backend expertise, MySQL/PostgreSQL database management, and Doctrine ORM knowledge required for the role. Their focus on machine learning and NestJS (a Node.js framework) does not align with the PHP-based full-stack requirements.",25.0,14.0,B
19,cv_1,65,24,55,"The candidate has relevant skills in Java, microservices, and cloud solutions, but lacks explicit mention of Groovy, Ansible, SonarQube, Veracode, BlackDuck, and Azure—key requirements in the job description. Certifications in AWS DevOps and Kubernetes partially align with DevOps needs, but the CV lacks depth in database technologies and specific AI experience.",10.0,31.0,A
19,cv_2,88,38,50,"The candidate has relevant full-stack development experience and Agile methodologies, but lacks critical skills specified in the job description such as Python/Java/Groovy proficiency, DevOps tools (Jenkins, Docker), microservices architecture, and cloud (Azure) expertise. Senior leadership experience is also not clearly demonstrated.",38.0,12.0,B
19,cv_3,65,39,50,"The candidate has relevant skills in Python, microservices, and data science, but lacks explicit experience with Java, Groovy, Docker, Jenkins, and Azure required by the job. Team management and DevOps toolchain expertise are also missing, resulting in a partial match.",15.0,11.0,B
19,cv_4,65,27,25,"The candidate's profile focuses on mechanical engineering, robotics, and product design, with no relevant experience in software development, AI, DevOps, or the required technical stack (Python, Java, Docker, Jenkins, etc.). While there is some overlap in project management and technical leadership, the core technical requirements are missing, resulting in a very low match.",40.0,2.0,B
19,cv_5,75,35,50,"The candidate has strong AI/ML expertise (Deep Learning, Geometric Deep Learning) and DevOps skills, aligning with parts of the job. However, critical requirements like Java/Groovy proficiency, Jenkins/Ansible tools, Azure cloud experience, and senior software engineering leadership are missing from the CV. The profile shows partial alignment but lacks key technical and managerial competencies specified.",25.0,15.0,B
20,cv_1,82,41,65,"The candidate has strong full-stack experience with relevant frameworks like React, Angular, and Express, along with Tailwind CSS and UI/UX focus. However, the job specifically requires Next.js and TypeScript, which are not mentioned in the CV, creating a partial mismatch in key technical requirements.",17.0,24.0,A
20,cv_2,78,39,55,"The candidate has full-stack experience with Java Spring Boot and Angular, aligning partially with the job's backend requirements. However, the job emphasizes Next.js, TypeScript, and Tailwind CSS, which are not explicitly mentioned in the CV. The lack of direct experience with the specified frontend stack reduces the match score.",23.0,16.0,B
20,cv_3,75,23,35,"The candidate has strong DevOps/cloud experience (Azure, Terraform, Docker) but lacks explicit full-stack web development skills (Next.js, TypeScript, Tailwind CSS) and UI/UX design focus required by the job. While their technical background is credible, the mismatch in core job requirements significantly limits their fit.",40.0,12.0,B
20,cv_4,35,25,40,"The candidate has a strong technical background in data science and machine learning but lacks direct experience with the required web development stack (Next.js, TypeScript, Tailwind CSS). While their Computer Science education is relevant, the absence of full-stack web development experience and UI/UX design skills creates a significant mismatch with the role's core requirements.",5.0,15.0,A
20,cv_5,75,37,50,"The candidate has strong machine learning and backend (NestJS) experience but lacks explicit frontend web development skills (Next.js, Tailwind CSS) and UI/UX design focus required by the job. The role emphasizes full-stack web development, which is only partially aligned with their ML engineering background.",25.0,13.0,B
21,cv_1,65,26,50,"The candidate has relevant skills in full-stack development and agile methodologies, aligning with collaboration requirements. However, the CV lacks explicit expertise in systems, networks, and security—core technical requirements for the role. As a final-year student, professional experience in critical areas like system reliability and security is insufficient.",15.0,24.0,A
21,cv_2,88,35,75,"The candidate has strong Kubernetes, DevOps, and infrastructure expertise with relevant certifications (CKA, CKAD, Terraform), aligning with system reliability and scalability needs. However, the job emphasizes network expertise and development skills not explicitly covered in the CV, and security experience is limited to DevSecOps without depth in traditional cybersecurity. Collaboration and problem-solving are implied but not explicitly demonstrated.",13.0,40.0,A
21,cv_3,65,34,50,"The candidate has relevant DevOps and cloud experience with tools like Jenkins and Ansible, aligning partially with the job's technical requirements. However, the CV lacks explicit mention of systems reliability, security expertise, and site-level infrastructure management, which are critical for the role. The educational background supports IT architecture but doesn't fully address the job's emphasis on security and performance optimization.",15.0,16.0,A
21,cv_4,75,36,50,"The candidate has strong machine learning and AI expertise, but the job requires systems/networks/security skills which are not emphasized in the CV. Partial alignment with DevOps and problem-solving skills, but core infrastructure requirements are missing.",25.0,14.0,B
21,cv_5,65,32,50,"The candidate has strong machine learning and deep learning experience, but lacks explicit systems/networks/security expertise required for the Site Trust Engineer role. DevOps and NestJS skills are partially relevant, but core infrastructure reliability/availability experience is missing.",15.0,18.0,A
22,cv_1,68,54,65,"The candidate has relevant Azure and Terraform experience, aligning with infrastructure-as-code requirements. However, the CV lacks depth in Microsoft-specific cloud transformation expertise and DevSecOps implementation details required. GCP/AWS certifications may not directly address the Microsoft-centric focus of the role.",3.0,11.0,A
22,cv_2,65,51,55,"The candidate has relevant DevOps and infrastructure experience with Terraform and Docker, aligning partially with the job's infrastructure-as-code and container requirements. However, the CV lacks explicit Azure expertise (critical for Microsoft cloud transformation) and mentions AWS instead, which is less aligned with the Microsoft-centric role. DevSecOps and cloud-native development skills are not clearly demonstrated, leading to a partial match.",10.0,4.0,B
22,cv_4,65,51,50,"The candidate has full-stack development experience and mentions system design, but lacks explicit Azure, DevSecOps, Terraform, or cloud-native architecture skills required by the job. The CV focuses on MERN stack and web development, not cloud infrastructure or Microsoft ecosystem expertise.",15.0,1.0,B
22,cv_5,65,40,50,"The candidate has relevant DevOps experience and infrastructure skills but lacks explicit Azure, cloud-native architecture, and Terraform expertise required by the job. Their focus on machine learning and geometric deep learning projects does not align with the cloud security and Microsoft ecosystem priorities.",15.0,10.0,B
23,cv_1,65,35,50,"The candidate has strong frontend skills in JavaScript, React, and Redux, but lacks critical backend technologies like PHP7+, Java, and frameworks such as Laravel/Symfony required by the job. Magento 2 and PWA/NextJs experience are also missing, which are key requirements.",15.0,15.0,tie
23,cv_2,35,28,50,"The candidate has full-stack experience with Java/Spring and Angular, but lacks critical required skills like PHP, Magento 2, Laravel/Symfony, and PWA/NextJs. The CV shows relevant engineering experience but misses key technologies specified in the job description.",15.0,22.0,A
23,cv_3,78,47,50,"The candidate has relevant full-stack experience and Java/Spring skills, but lacks explicit mentions of required technologies like PHP7+, Magento, NextJs, Strapi, Laravel, or Symfony. The teaching role and Microsoft experience don't align with the job's technical requirements for e-commerce platform migration and PWA development.",28.0,3.0,B
23,cv_4,45,30,20,"The candidate's profile is in telecommunications and electrical engineering, with no relevant full-stack development experience or technical skills matching the job's requirements (e.g., Magento, PWA, JavaScript frameworks). Core competencies like PHP, JavaScript, or CMS platforms are entirely absent.",25.0,10.0,B
23,cv_5,65,35,50,"The candidate has strong machine learning and deep learning expertise but lacks critical full-stack web development skills required (e.g., PHP, Magento, Laravel, Symfony). While JavaScript/TypeScript and API experience are partially relevant, the absence of core e-commerce platform experience and full-stack frameworks creates a significant mismatch.",15.0,15.0,tie
24,cv_1,88,38,65,"The candidate has strong ML engineering experience and relevant certifications, but lacks explicit mention of key frameworks like TensorFlow/Keras and medical data expertise required. Senior roles align with experience level, but domain-specific text representation skills are unverified.",23.0,27.0,A
24,cv_2,65,30,40,"The candidate has 7+ years of full-stack software engineering experience but lacks explicit AI/ML framework experience (TensorFlow, Scikit-Learn, etc.) or medical data projects mentioned in the job description. While the degree and general software skills are relevant, the absence of machine learning-specific expertise creates a significant mismatch.",25.0,10.0,B
24,cv_3,65,12,50,"The candidate has AI-related certifications and Python experience, but his primary expertise lies in DevOps and backend development rather than ML model development. He lacks explicit experience with the required frameworks (TensorFlow, Keras) and medical NLP tasks specified in the job description.",15.0,38.0,A
24,cv_5,35,17,20,"The candidate has 6 years of full-stack web development experience with React/PHP, but no mention of Python, machine learning frameworks (TensorFlow/Scikit-Learn), or medical data analysis required for the AI/ML role. The skills and projects described are completely unrelated to the job's core requirements.",15.0,3.0,B
25,cv_1,78,30,55,"The candidate has relevant AI experience and RAG system development, but lacks explicit mention of FastAPI, RESTful API design, and production deployment of transformer models as required. Database architecture and scalability specifics are also missing.",23.0,25.0,A
25,cv_2,88,32,50,"The candidate has relevant software engineering experience and teaching assistant roles, but lacks explicit mention of FastAPI, RESTful API development, and production deployment of transformer-based NLP models—key requirements in the job description. While their Microsoft experience may involve AI, the CV does not clearly align with the specified technical stack and production focus.",38.0,18.0,B
25,cv_3,78,15,20,"The candidate lacks critical technical skills required for the AI Engineer role, such as machine learning, FastAPI, RESTful APIs, and NLP model integration. While she has project management and Microsoft certifications, these do not align with the job's focus on AI system development and production deployment.",58.0,5.0,B
25,cv_4,65,16,30,"The candidate has strong networking and security experience but lacks explicit AI/ML expertise required for the role. While the CV mentions 'AI Editor' and some IT consulting, there is no evidence of FastAPI, NLP, or transformer model deployment in production environments. The core AI engineering requirements are not met.",35.0,14.0,B
25,cv_5,88,31,50,"The candidate has strong machine learning and deep learning experience, including geometric deep learning projects. However, the CV lacks explicit mention of NLP, FastAPI, RESTful API development, and production deployment of transformer models—key requirements in the job description. The skills align partially but miss critical technical stack components.",38.0,19.0,B
26,cv_1,65,37,50,"The candidate has Full-Stack Development experience and Scrum knowledge, aligning partially with agile methodologies mentioned. However, the CV lacks specific backend technologies (Go, PostgreSQL, Kafka, etc.) and Clean Architecture/SOLID principles required in the job description. The student status suggests limited professional experience in backend systems.",15.0,13.0,B
26,cv_2,78,29,50,"The candidate has relevant cloud infrastructure and Kubernetes experience but lacks explicit backend development skills (Go, PostgreSQL, Kafka, gRPC) and architectural principles (Clean Architecture, SOLID) required by the job. The CV emphasizes DevOps/SRE rather than backend engineering, resulting in a partial match.",28.0,21.0,B
26,cv_3,68,48,50,"The candidate has software engineering experience and leadership skills but lacks explicit mention of required backend technologies (Go, PostgreSQL, Kafka, etc.) and architectural principles (Clean Architecture, SOLID). Their focus on React/Node.js and management roles partially aligns but misses critical technical requirements.",18.0,2.0,B
26,cv_4,65,37,50,"The candidate has Python full-stack experience and Agile certifications, but lacks explicit mention of required backend technologies (Go, Kafka, Kubernetes) and architectural principles (Clean Architecture, SOLID) emphasized in the job description. Partial overlap in general backend skills exists, but key technical requirements are unmet.",15.0,13.0,B
26,cv_5,65,32,35,"The candidate's profile focuses on machine learning and deep learning projects with minimal backend engineering experience. While they mention NestJS (a backend framework), the CV lacks critical skills like Go, PostgreSQL, Kafka, and Kubernetes required by the job. Their expertise in Clean Architecture/SOLID principles is also unmentioned, making the match weak.",30.0,3.0,B
27,cv_1,65,24,50,"The candidate has relevant software development experience with Java and C#, but lacks critical embedded systems expertise (C/C++, VHDL, CAN/UART protocols) explicitly required in the job description. Their full-stack .NET/Angular background partially aligns with software development aspects but misses hardware integration focus.",15.0,26.0,A
27,cv_2,75,47,50,"The candidate has senior-level technical experience but lacks direct embedded systems expertise. Their ML/data science background partially overlaps with software skills (Python, C++), but critical embedded requirements (VHDL, CAN, UART, etc.) and hardware integration experience are missing.",25.0,3.0,B
27,cv_3,65,40,50,"The candidate has relevant experience in DevOps and cloud technologies (AWS, Terraform, Docker) but lacks explicit embedded systems expertise (C/C++, VHDL, CAN, UART, etc.) required by the job. Git experience aligns partially, but core embedded system design/integration skills are missing.",15.0,10.0,B
35,cv_1,88,42,85,"The candidate has 5+ years of data analysis experience with Power BI, SQL, and dashboard creation, aligning well with the job's core requirements. While the CV lacks explicit mention of MySQL and Excel (both are in the job description), SQL proficiency covers part of that need. The candidate's experience with Azure Data Factory and Python adds technical depth beyond basic requirements.",3.0,43.0,A
35,cv_2,88,24,50,"The candidate has strong data science and machine learning expertise with relevant certifications and experience in Python-based data analysis. However, the CV lacks explicit mention of key BI tools (Power BI, Excel) and database systems (SQL/MySQL) required in the job description, which are critical for the role. The focus on ML/AI systems doesn't fully align with the business intelligence and dashboard development emphasis in the job.",38.0,26.0,B
35,cv_3,88,24,50,"The candidate has strong skills in Python, SQL, and machine learning, which partially align with the job's requirements. However, the CV lacks explicit mention of Power BI and Excel, which are critical tools listed in the job description. The role emphasizes business intelligence and data visualization, areas where the candidate's focus on machine learning and deep learning may not fully match.",38.0,26.0,B
35,cv_4,65,35,35,"The candidate's profile focuses on robotics, product design, and mechanical engineering, with no relevant experience or skills in data analysis, business intelligence tools (Power BI, SQL, etc.), or data visualization. The job requires expertise in data-driven decision-making and technical BI stack proficiency, which are entirely absent from the CV.",30.0,0.0,B
35,cv_5,65,23,50,"The candidate has strong machine learning and deep learning experience but lacks explicit mention of business intelligence tools (Power BI, Excel) and data analysis workflows required for the role. Their technical skills align partially with SQL/Python but not with the BI-focused responsibilities emphasized in the job description.",15.0,27.0,A
36,cv_1,88,63,80,"The candidate has strong cybersecurity certifications (NIST CSF, ISO/IEC 27001, EBIOS) and 11 years of experience in ICS/SCADA security, aligning with threat analysis and compliance requirements. However, the CV lacks explicit mention of developing advanced threat detection systems or cross-functional collaboration with development teams, which are key in the job description. The Oil & Gas focus may not fully match general cybersecurity needs.",8.0,17.0,A
36,cv_2,65,38,50,"The candidate has data analysis and business intelligence experience but lacks direct cybersecurity expertise in threat detection, compliance, or incident management required for the senior role. Soft skills and project management align partially, but core technical requirements are unmet.",15.0,12.0,B
36,cv_3,78,39,50,"The candidate has relevant cloud infrastructure and DevOps experience with certifications like Red Hat and Cisco, but lacks explicit cybersecurity expertise (e.g., threat analysis, incident management) required for the senior role. The CV emphasizes cloud-native operations over security-specific skills, and 2+ years of experience may be insufficient for a senior-level position.",28.0,11.0,B
36,cv_4,65,35,50,"The candidate has relevant network support experience with security appliances and cloud solutions, but lacks explicit cybersecurity expertise in threat analysis, compliance, and incident management required for the senior role. Their background is more operational than strategic, missing key technical depth.",15.0,15.0,tie
36,cv_5,65,37,30,"The candidate's profile focuses on machine learning and deep learning projects (e.g., Alzheimer's classification, geometric deep learning) with no direct cybersecurity experience or skills mentioned. The job requires threat detection, compliance, and incident management expertise, which are entirely absent from the CV. While the candidate has technical skills, they don't align with the cybersecurity domain specified in the job description.",35.0,7.0,B
37,cv_1,88,59,80,"The candidate has strong experience with Power BI, SQL, and data pipeline automation, aligning well with most requirements. However, the CV lacks explicit mention of DAX and Power Query, which are explicitly listed as key tools in the job description. The absence of these specific technical skills reduces the match score despite overall relevant experience.",8.0,21.0,A
37,cv_2,78,39,50,"The candidate has strong data analysis skills in Python, Pandas, and machine learning, but lacks explicit experience with Power BI, SQL, and DAX required for the role. Their focus on ML engineering rather than data analytics partially aligns with the job's data transformation needs.",28.0,11.0,B
37,cv_3,65,37,50,"The candidate has strong web development skills (React, Angular, Flutter) and problem-solving experience, but lacks explicit mention of required data analysis tools like Power BI, SQL, Power Query, or DAX. The role demands data modeling, visualization, and reporting expertise which are not demonstrated in the CV.",15.0,13.0,B
37,cv_4,65,49,50,"The candidate has a strong AI/ML background and data science experience, but lacks explicit Power BI, SQL, Power Query, and DAX skills required for the Data Analyst role. The job requires specific business intelligence tools not mentioned in the CV.",15.0,1.0,B
37,cv_5,88,35,50,"The candidate has relevant data experience (e.g., geometric deep learning, data transformation in medical imaging projects) but lacks explicit Power BI, SQL, and DAX skills required by the job. Their focus on machine learning and DevOps aligns partially with data analysis but misses core tools like Power Query and dashboard development.",38.0,15.0,B
38,cv_1,65,27,50,"The candidate has relevant full-stack experience and skills in React and Docker, which align partially with the job's requirements. However, critical components like Python, Flask, Elasticsearch, Redis, Kafka, and Linux are missing from their profile. The CV lacks explicit mention of API design, software architecture, and security expertise required for the role.",15.0,23.0,A
38,cv_2,68,31,50,"The candidate has junior-level experience with some relevant frontend skills (React, JavaScript) and training experience, but lacks critical backend technologies (Python, Flask, PostgreSQL) and infrastructure tools (Kafka, Elasticsearch) explicitly required in the job description. The experience level mismatch (junior vs. experienced) further reduces alignment.",18.0,19.0,A
38,cv_3,65,27,50,"The candidate has full-stack experience and Linux skills, but the CV emphasizes Java/Angular instead of the required Python/Flask/React stack. CI/CD tools like Docker and Jenkins are mentioned, but the absence of critical technologies like Elasticsearch, Kafka, and PostgreSQL significantly reduces alignment with the job's technical requirements.",15.0,23.0,A
38,cv_4,65,22,50,"The candidate has Agile/Scrum experience and Python/data science skills, which partially align with the job's collaborative environment and Python requirement. However, critical full-stack technologies like Flask, React, PostgreSQL, and CI/CD tools (Docker/Ansible/Jenkins) are missing from the CV, making the technical match incomplete.",15.0,28.0,A
38,cv_5,65,16,35,"The candidate has Python and Docker experience but lacks critical full-stack skills like Flask, React, PostgreSQL, Elasticsearch, Redis, Kafka, and Ansible required by the job. Their focus on machine learning and geometric deep learning is unrelated to the core responsibilities of API design, software architecture, and DevOps tools specified in the description.",30.0,19.0,B
39,cv_1,65,34,50,"The candidate has web development experience and some AI/data analysis skills, which partially align with the job's need for software development and data analysis. However, there is no direct experience in VR/AR development, experimental protocol design, or medical research contexts, which are critical for the role.",15.0,16.0,A
39,cv_2,65,31,50,"The candidate has strong AI and software development skills but lacks explicit experience in VR/AR development, which is central to the job. Partial match due to relevant tech skills but missing core VR/AR expertise required for the role.",15.0,19.0,A
39,cv_3,65,25,50,"The candidate has strong software engineering and DevOps skills but lacks explicit experience in VR/AR development, which is central to the job. The CV mentions cloud computing and automation tools but no relevant projects or expertise in virtual reality systems or experimental protocols for medical rehabilitation.",15.0,25.0,A
39,cv_4,78,32,50,"The candidate has strong data science and machine learning skills, but lacks explicit experience in VR/AR development, experimental protocol design for medical rehabilitation, or healthcare-focused projects. Key technical requirements like VR/AR system development and medical application context are unmet, though transferable skills in Python and data analysis partially align.",28.0,18.0,B
39,cv_5,45,33,50,"The candidate has strong full-stack development experience and technical skills in React.js/D3.js, but lacks explicit VR/AR project experience or research-oriented work required for the role. The job demands specialized VR/AR development for medical applications, which isn't demonstrated in the CV.",5.0,17.0,A
40,cv_1,65,37,50,"The candidate has relevant Full-Stack development skills (Java/Spring Boot, React) and basic Machine Learning certifications, but lacks explicit experience in Deep Learning, Predictive Modeling, Big Data tools (Spark, Hadoop, Kafka), and cloud platforms (AWS/GCP) required by the job. Their focus appears more on software engineering than data science specialization.",15.0,13.0,B
40,cv_2,65,35,50,"The candidate has strong Python and ML skills (Deep Learning, CNNs) and backend experience, aligning partially with the job's technical requirements. However, they lack explicit experience with Big Data tools (Spark, Hadoop, Kafka), cloud platforms (AWS/GCP), and full-stack technologies like JavaScript/TypeScript mentioned in the job description. The Odoo-specific experience is not directly relevant to the Data Science/Full Stack role.",15.0,15.0,tie
40,cv_3,88,48,50,"The candidate has strong machine learning and Python skills aligned with the job's data science requirements, but lacks explicit Full Stack development experience (JavaScript/TypeScript) and Big Data technologies (Hadoop/Kafka) mentioned in the job description. The absence of cloud platform (AWS/GCP) expertise further reduces alignment.",38.0,2.0,B
40,cv_4,45,42,35,"The candidate's profile is focused on cybersecurity and penetration testing, with no mention of data science, machine learning, or full-stack development skills required by the job. Certifications and experience are unrelated to the technical stack (Python, SQL, AWS/GCP, etc.) and core responsibilities listed in the job description.",10.0,7.0,B
40,cv_5,88,39,65,"The candidate has strong Machine Learning and Deep Learning experience, including relevant projects like Alzheimer's classification using geometric deep learning. However, the CV lacks explicit mention of full-stack development skills (JavaScript/TypeScript frameworks beyond NestJS), Big Data tools (Spark/Hadoop), and cloud platforms (AWS/GCP) required by the job. While some full-stack skills are implied (NestJS), the absence of core full-stack and Big Data/cloud expertise reduces the match score.",23.0,26.0,A
41,cv_1,88,29,70,"The candidate has strong data analysis experience and uses relevant tools like Python, SQL, and Power BI (similar to Tableau). However, the CV lacks explicit mentions of Tableau, Looker, and PostgreSQL, which are explicitly required in the job description. The communication and dashboard creation skills align well, but the missing tools reduce the match score.",18.0,41.0,A
41,cv_2,65,20,20,"The candidate's profile focuses on Site Reliability Engineering (DevOps, cloud, system administration) with no mention of data analysis tools (Python, PostgreSQL, Tableau, Looker) or analytical experience. The job requires core data analysis/visualization skills which are entirely absent from the CV.",45.0,0.0,B
41,cv_3,88,19,50,"The candidate has strong machine learning and Python skills but lacks explicit mention of key tools required (Tableau, Looker, PostgreSQL) and focuses more on computer vision than data analysis/visualization. Communication skills are present, but the role's core requirements are only partially met.",38.0,31.0,B
41,cv_4,88,4,10,"The candidate's profile is focused on electronics design engineering with no relevant experience in data analysis, visualization tools (Tableau/Looker), or programming (Python/PostgreSQL) required for the role. Only minimal overlap exists in basic Excel skills, but core job requirements are unmet.",78.0,6.0,B
41,cv_5,75,16,50,"The candidate has strong machine learning and deep learning experience but lacks explicit mention of required data analysis tools like PostgreSQL, Tableau, or Looker. While Python and data visualization are implied, the CV emphasizes engineering and research projects over business-focused data analysis, creating a partial match.",25.0,34.0,A
42,cv_1,65,34,50,"The candidate has relevant machine learning experience and Python skills, but lacks explicit mention of PyTorch, Azure Machine Learning, Docker, and MySQL required in the job description. The CV emphasizes RPA and fintech applications rather than public health/epidemic modeling domains mentioned in the role.",15.0,16.0,A
42,cv_2,68,20,45,"The candidate has cloud infrastructure and DevOps expertise (Azure, Kubernetes) but lacks explicit machine learning/neural network experience required. While data engineering education is relevant, the CV doesn't demonstrate PyTorch, epidemic modeling, or public health data analysis skills specified in the job.",23.0,25.0,A
42,cv_3,78,30,50,"The candidate has relevant AI and cloud certifications but lacks explicit experience in machine learning, neural networks, and epidemic modeling required for the role. The CV emphasizes software engineering and DevOps rather than data science-specific skills like PyTorch or public health data analysis.",28.0,20.0,B
42,cv_4,45,31,35,"The candidate has strong software development experience but lacks explicit machine learning, neural networks, or AI project experience required by the job. While T-SQL and backend skills partially align with database requirements, the absence of Python, PyTorch, or epidemic modeling expertise creates a significant mismatch.",10.0,4.0,B
42,cv_5,25,27,25,"The candidate has strong full-stack development experience but lacks explicit machine learning, neural networks, or public health data analysis expertise required by the job. Their technical stack (React.js, D3.js) doesn't align with the required Python/PyTorch/Azure ML stack. The profile shows minimal relevance to the core data science requirements.",0.0,2.0,A
43,cv_1,78,30,85,"The candidate has strong Python, SQL, and Excel skills with 3 years of data analysis experience in consulting, aligning well with the job's technical requirements. Her Power BI expertise and data science certifications further support the role. However, the job emphasizes statistical analysis training which isn't explicitly mentioned in her CV, slightly reducing the match.",7.0,55.0,A
43,cv_2,78,25,50,"The candidate has relevant AI and software engineering experience but lacks explicit mention of core data analysis tools (SQL, Python, Excel) and statistical analysis skills required by the job. The focus on generative AI and full-stack development only partially aligns with the data analyst role's requirements.",28.0,25.0,B
43,cv_3,68,44,50,"The candidate has development experience with data-related projects (document classification, Kafka, DataDog) but lacks explicit mention of core Data Analyst skills like statistical analysis, SQL, Python, and advanced Excel. The focus is on full-stack development rather than data analysis, resulting in a partial match.",18.0,6.0,B
43,cv_4,68,23,45,"The candidate has a computer science background and software engineering experience, but lacks explicit data analysis skills (statistical analysis, data visualization) and tools (SQL, Python, Excel) required for the role. Leadership experience is present but not aligned with data-specific responsibilities.",23.0,22.0,B
43,cv_5,75,34,50,"The candidate has strong machine learning and deep learning experience, but the job requires specific data analysis skills (SQL, Excel, statistical analysis) that are not explicitly mentioned. The CV emphasizes engineering and geometric deep learning projects rather than traditional data analysis tasks.",25.0,16.0,B
44,cv_1,88,53,70,"The candidate demonstrates strong technical expertise in 3D CNNs, medical imaging, and ML pipelines through publications and certifications, aligning with core technical requirements. However, the CV lacks explicit evidence of team leadership, strategic vision definition, or commercialization experience emphasized in the job description, which are critical for the role.",18.0,17.0,B
44,cv_2,88,43,50,"The candidate has strong software engineering and management experience but lacks specific expertise in machine learning, computer vision, or medical imaging technologies required for the role. The CV mentions no technical AI/ML projects or relevant certifications, which are critical for this position.",38.0,7.0,B
44,cv_3,45,44,47,"The candidate has full-stack development experience and worked with data pipelines/APIs, but lacks direct experience in machine learning, computer vision, or medical imaging technologies. Leadership of AI/ML teams and strategic vision development are not demonstrated, which are critical requirements for the role.",2.0,3.0,A
44,cv_4,68,28,30,"The candidate's profile focuses on cloud infrastructure and virtualization (VMware, AWS, Nagios) with no demonstrated expertise in machine learning, computer vision, or medical imaging research. Leadership experience in AI/ML R&D teams is also absent, making the match weak despite some cloud platform overlap.",38.0,2.0,B
44,cv_5,68,35,50,"The candidate has strong full-stack development and cloud infrastructure skills, but lacks explicit experience in machine learning, computer vision, or medical imaging research—core requirements for the role. Leadership in AI strategy and technical depth in AI/ML are missing, though some technical overlap exists in Java and AWS.",18.0,15.0,B
45,cv_1,65,40,50,"The candidate has relevant skills in Java and Machine Learning (certifications), aligning partially with the job's requirements. However, critical requirements like C/C++, Python (beyond certifications), and Image Processing are missing from the CV. The focus on web development (Spring Boot, React) and DevOps tools does not fully match the system design and AI integration emphasis in the job description.",15.0,10.0,B
45,cv_2,88,48,50,"The candidate has relevant ML/NLP experience and Python/Java skills, but lacks C/C++ and image processing expertise explicitly required in the job description. The absence of systems design experience further reduces alignment.",38.0,2.0,B
45,cv_3,82,44,50,"The candidate has strong machine learning and NLP experience with Python/Java, aligning partially with the job's ML requirements. However, critical skills like C/C++, image processing, and systems development are missing from their CV, which are explicitly stated in the job description.",32.0,6.0,B
45,cv_4,65,50,50,"The candidate has web/mobile development experience with Angular/Spring Boot but lacks explicitly mentioned C/C++, Python, Java, and image processing skills required. Machine learning and system design competencies are also absent, though database experience is present. This aligns partially with the job's core technical requirements.",15.0,0.0,B
45,cv_5,45,39,50,"The candidate has full-stack development experience and a computer science degree, which partially aligns with the job's technical requirements. However, they lack explicit experience in C/C++, Java, image processing, and machine learning—core requirements listed in the job description. Their skills in Python and OOP principles are relevant but insufficient to fully meet the role's demands.",5.0,11.0,A
46,cv_1,75,37,55,"The candidate has relevant frontend skills (React, AngularJS, Bootstrap) and some overlap with the required stack, but lacks explicit mention of Redux, SASS, and TypeScript. The experience level (2 years) is insufficient for a 'Senior' role, and AngularJS differs from Angular. Partial match with key requirements missing.",20.0,18.0,B
46,cv_2,65,23,30,"The candidate has data analysis skills and UX/UI design training but lacks explicit experience with the required frontend technologies (React, Redux, Angular, TypeScript). The job demands senior-level frontend development expertise, which is not demonstrated in the CV. Partial overlap exists in UI/UX and data visualization, but core technical requirements are unmet.",35.0,7.0,B
46,cv_3,88,30,50,"The candidate has experience with ReactJS and NodeJS but lacks explicit mention of Angular, Redux, and TypeScript required by the job. Their focus on Android and full-stack development (including backend) doesn't fully align with the senior frontend specialization requested. Agile experience is present, but key frontend technologies are missing.",38.0,20.0,B
46,cv_4,75,26,30,"The candidate's profile focuses on data science, machine learning, and backend tools (Python, Airflow, PySpark) rather than frontend development. Key requirements like React, Angular, TypeScript, and frontend frameworks are entirely missing, making the match weak despite some general tech skills.",45.0,4.0,B
46,cv_5,65,28,35,"The candidate's profile focuses on machine learning and deep learning, with no explicit frontend development experience in React, Angular, or related technologies required by the job. While the candidate has technical skills, the mismatch in core frontend frameworks and the senior role's requirements significantly reduces alignment.",30.0,7.0,B
47,cv_1,88,63,80,"The candidate has strong experience in Python, SQL, Power BI, and data pipeline automation, which aligns well with the job requirements. However, the CV lacks explicit mention of HTML/CSS skills required in the job description. The 5+ years of experience exceeds typical internship expectations but demonstrates capability. The missing HTML/CSS is the primary gap.",8.0,17.0,A
47,cv_2,40,31,40,The candidate has relevant SQL and BI interest but lacks explicit Python skills and data analysis experience. Their background in SAP development and web technologies only partially aligns with the job's focus on data analysis tools like Power BI and Python. Key requirements such as Python programming and data visualization expertise are missing.,0.0,9.0,A
47,cv_3,78,39,65,"The candidate has strong Python and data analysis skills but lacks explicit mention of SQL and Power BI required for the role. Their focus on machine learning and computer vision aligns partially with data analysis needs. The CV shows technical competence but misses key tools (SQL, Power BI) and collaboration experience emphasized in the job description.",13.0,26.0,A
47,cv_4,78,20,50,"The candidate has Python and SQL skills matching basic requirements, but lacks explicit data analysis experience and visualization expertise (Power BI is mentioned but not emphasized). His primary background in electronics engineering is unrelated to the data analyst role, though some programming skills overlap. The job requires data-focused collaboration and analysis, which isn't demonstrated in his CV.",28.0,30.0,A
47,cv_5,88,49,70,"The candidate has strong Python and machine learning skills, but the CV lacks explicit mention of SQL, Power BI, and data analysis experience required for the role. His projects focus on deep learning rather than data analysis, and there's no direct evidence of collaboration with business teams.",18.0,21.0,A
48,cv_1,78,40,50,"The candidate has strong frontend skills (React, TypeScript, Redux) and testing experience (Cypress, Jest), which partially align with the job's requirements. However, they lack explicit Web3/blockchain experience, Vue/Nx Workspaces expertise, and CI/CD automation beyond basic testing tools. The role's core Web3 focus is missing from their profile.",28.0,10.0,B
48,cv_2,65,33,50,"The candidate has strong DevOps and backend development skills but lacks explicit frontend Web3 expertise (React, Vue, Web3) required for the role. Partial alignment with CI/CD and cloud-native systems is present, but core frontend and blockchain development requirements are unmet.",15.0,17.0,A
48,cv_3,65,39,50,"The candidate has JavaScript/TypeScript and frontend experience, but lacks explicit Web3/blockchain expertise required. They mention Angular (not React/Vue) and no Nx Workspaces or CI/CD automation. Partial match on core skills but missing critical Web3-specific requirements.",15.0,11.0,B
48,cv_4,45,31,35,"The candidate has strong IT/networking experience but lacks critical frontend Web3 skills (React, Vue, Web3) and blockchain expertise required for the role. Their background in firewall configuration and certifications is unrelated to the frontend engineering focus of the position.",10.0,4.0,B
48,cv_5,65,41,50,"The candidate has strong technical skills in machine learning and deep learning but lacks explicit experience with frontend Web3 technologies like React, Vue, or Web3 integration. The CV emphasizes backend-focused DevOps and ML engineering, which partially aligns with the job's CI/CD requirements but misses core frontend and blockchain-specific competencies.",15.0,9.0,B
49,cv_1,75,67,45,"The candidate lacks direct cybersecurity leadership experience and specific security management expertise required for the role. While she has project management and multilingual skills, the job demands cybersecurity-specific experience, institutional relations in the described context, and security policy implementation which are not demonstrated in her profile.",30.0,22.0,B
49,cv_3,78,60,50,"The candidate has strong cloud infrastructure and DevOps technical skills with relevant certifications, but lacks explicit cybersecurity leadership experience, risk management expertise, and institutional relations experience required for the role. The profile partially aligns with technical requirements but misses critical leadership and domain-specific competencies.",28.0,10.0,B
49,cv_4,65,40,40,"The candidate's profile focuses on data science and AI engineering with no direct experience in cybersecurity leadership, risk management, or institutional relations as required. While they have technical skills in machine learning, these do not align with the cybersecurity management role specified in the job description.",25.0,0.0,B
49,cv_5,65,47,30,"The candidate has strong machine learning and deep learning expertise but lacks cybersecurity leadership experience, risk management skills, and institutional partnership experience required for the role. The profile partially matches technical skills but misses critical leadership and domain-specific requirements.",35.0,17.0,B
50,cv_1,92,49,70,"The candidate has strong Python, Django, and ML/NLP experience, aligning with key requirements. However, missing explicit mentions of Django Rest Framework, Celery, Redis, Docker, Git, and distributed systems experience reduce the match. The baseline system overestimated by emphasizing partial overlaps, while the pipeline system underestimated by possibly ignoring relevant skills.",22.0,21.0,B
50,cv_2,88,46,50,"The candidate has strong ML and Python skills relevant to the role, but lacks explicit experience with Django, Docker, Git, and Unix systems mentioned in the job description. The CV emphasizes data science over software engineering requirements like system design and distributed systems, creating a partial match.",38.0,4.0,B
50,cv_3,88,49,70,"The candidate has strong Python and machine learning skills, aligning with core requirements. However, the CV lacks explicit mention of Django, Django Rest Framework, Unix systems, and NLP experience, which are critical in the job description. Distributed systems experience is implied but not detailed.",18.0,21.0,A
50,cv_4,78,25,20,"The candidate's profile is focused on cybersecurity (penetration testing, certifications like OSEP/OSCP) with no evidence of software engineering, machine learning, or NLP experience. Core requirements like Python/Django/Docker and ML/NLP expertise are entirely missing, making the match very weak.",58.0,5.0,B
50,cv_5,40,33,50,"The candidate has full-stack development experience and a computer science background, which partially aligns with the job's technical requirements. However, they lack explicit experience with Python, Django, machine learning, and distributed systems—key requirements for the role. Their focus on front-end technologies (React.js, D3.js) suggests a mismatch with the backend/systems engineering emphasis in the job description.",10.0,17.0,A
51,cv_1,65,28,50,"The candidate has relevant ML certifications and software engineering skills, but lacks direct experience in AI research, speech recognition, or model development for real-world applications. The CV emphasizes full-stack development and DevOps over machine learning research, which is central to the job.",15.0,22.0,A
51,cv_2,40,40,30,"The candidate has strong full-stack development and DevOps skills but lacks explicit machine learning, AI research, or voice recognition experience required for the role. Their certifications focus on cloud and testing rather than ML algorithms or research methodologies. The profile partially aligns with software engineering aspects but misses core AI/ML research requirements.",10.0,10.0,tie
51,cv_3,75,27,50,"The candidate has relevant AI certifications and data science experience but lacks explicit machine learning research experience, algorithm design projects, and publication history required for the role. The Scrum/Agile focus and Support Analyst role suggest insufficient technical depth in core ML research areas like voice recognition.",25.0,23.0,B
51,cv_4,78,37,50,"The candidate has strong DevOps/MLOps and cloud infrastructure skills (Kubernetes, Terraform, AWS ML certifications), which align with deployment aspects of the role. However, the CV lacks evidence of machine learning research experience, algorithm development, or academic publication history explicitly required for a scientific research position in AI. Core competencies in ML model development and research methodology are missing.",28.0,13.0,B
51,cv_5,35,26,20,"The candidate has a computer science degree and full-stack development experience, but lacks explicit machine learning, speech recognition, or AI research experience required for the role. No publications, algorithm design, or model development work is mentioned, which are critical for this position.",15.0,6.0,B
52,cv_1,65,48,65,"The candidate has full-stack experience with Java/React and microservices, aligning partially with the Node.js/TypeScript/PostgreSQL stack. Cloud certifications and DevOps tools match cloud deployment requirements, but PostgreSQL and specific backend technologies are missing. The emphasis on SOLID principles and code quality aligns with the job's expectations.",0.0,17.0,A
52,cv_2,75,20,50,"The candidate has strong full-stack experience with .NET, Web API, and cloud platforms, but lacks explicit Node.js/TypeScript/PostgreSQL skills required by the job. Partial overlap in cloud and API design, but core backend tech stack mismatch.",25.0,30.0,A
52,cv_3,88,55,65,"The candidate has full-stack experience with Java, React, and AWS, which partially aligns with the job's requirements. However, the CV lacks explicit mention of Node.js, TypeScript, and PostgreSQL—key technologies specified in the job description. While the candidate's senior role and distributed systems experience are relevant, the absence of critical backend stack components reduces the match score.",23.0,10.0,B
52,cv_4,65,26,25,"The candidate's profile is focused on network engineering and IT operations with no relevant experience in full-stack web development, Node.js, TypeScript, or PostgreSQL. Core job requirements like API design, microservices architecture, and cloud deployment are entirely absent from their CV, making the match very weak.",40.0,1.0,B
52,cv_5,88,40,50,"The candidate has strong machine learning and deep learning expertise but lacks explicit full-stack development experience with Node.js, TypeScript, and PostgreSQL required by the job. Their background in geometric deep learning and research projects is unrelated to backend development or cloud deployment responsibilities.",38.0,10.0,B
53,cv_1,78,41,55,"The candidate has relevant cloud (AWS/Azure/GCP) and DevOps tools (Kubernetes, Docker, Ansible) but lacks explicit mentions of critical requirements like Splunk, Grafana, Prometheus, GitLab-CI, RHEL/Debian, Bash, Golang, and Jira/Confluence. Agile/Git experience is also unverified, resulting in a partial match.",23.0,14.0,B
53,cv_2,65,39,50,"The candidate has some relevant DevOps interests and general software development skills but lacks critical expertise in Kubernetes, cloud platforms (AWS/Azure), infrastructure as code, and backend technologies like Golang specified in the job. The CV emphasizes frontend frameworks (Angular) and Java, which are not aligned with the hybrid cloud DevOps role requirements.",15.0,11.0,B
53,cv_3,68,46,35,"The candidate lacks critical DevOps skills like infrastructure as code, Kubernetes, Docker, and cloud migration mentioned in the job description. While he has software engineering and teaching experience, his profile does not align with the required backend development, automation tools (Ansible, GitLab-CI), or cloud platforms (AWS/Azure). The CV emphasizes data science and academic roles unrelated to the technical stack and responsibilities specified.",33.0,11.0,B
53,cv_4,88,41,30,"The candidate's profile focuses on AI, RPA, and data science with no mention of DevOps tools (Kubernetes, Docker, Ansible) or cloud infrastructure (AWS/Azure) required by the job. Core requirements like infrastructure as code, backend development (Golang), and Agile methodologies are entirely absent, resulting in minimal alignment.",58.0,11.0,B
53,cv_5,65,37,50,"The candidate has a DevOps skill listed but lacks specific experience with critical tools like Kubernetes, Docker, Ansible, and cloud platforms (AWS/Azure) required by the job. Their background focuses on machine learning and geometric deep learning projects, which are unrelated to the DevOps infrastructure and automation tasks emphasized in the role.",15.0,13.0,B
54,cv_1,78,54,55,"The candidate has some relevant cybersecurity certifications and competition participation, but their primary experience is in full-stack web development with limited direct experience in security technologies like firewalls or intrusion detection systems. The job requires deeper cybersecurity expertise, making this a partial match.",23.0,1.0,B
54,cv_2,65,41,50,"The candidate has full-stack development experience and mentions secure backends, but lacks explicit cybersecurity expertise (e.g., firewalls, intrusion detection systems) required by the job. The CV emphasizes web/mobile development over security-specific skills, resulting in partial alignment with key requirements.",15.0,9.0,B
54,cv_3,88,45,20,"The candidate's profile focuses on electronics design and embedded systems, with no direct experience or certifications in cybersecurity, intrusion detection, firewalls, or security management systems. The job requires cybersecurity expertise, making the match extremely weak.",68.0,25.0,B
54,cv_4,88,53,50,"The candidate has strong machine learning and Python skills but lacks explicit cybersecurity expertise (e.g., firewalls, intrusion detection systems) required for the role. While technical skills are present, the core security focus of the job is not aligned with her data science background.",38.0,3.0,B
54,cv_5,75,34,20,"The candidate has strong AI/ML expertise but lacks cybersecurity-specific skills (firewalls, intrusion detection, security frameworks) required by the job. Their experience in DevOps and deep learning is unrelated to core security operations, risk analysis, or security integration mentioned in the description.",55.0,14.0,B
55,cv_1,68,39,50,"The candidate has strong React.js and front-end development experience but lacks the required PHP/Symfony, Vue.js, and GraphQL stack. While they have some relevant skills like PostgreSQL and testing tools, the core back-end technologies and framework alignment are missing, resulting in a partial match.",18.0,11.0,B
55,cv_2,68,36,50,"The candidate has React.js and Full Stack experience, aligning partially with the job's front-end requirements. However, the job's primary back-end stack (PHP/Symfony) is missing, replaced by Spring/Spring Boot in the CV. PostgreSQL and Vue.js are also absent, creating significant gaps in technical alignment.",18.0,14.0,B
55,cv_3,65,33,50,"The candidate has some relevant experience in web development and DevOps tools like Docker and Git, but lacks explicit mention of core required skills (PHP/Symfony, Vue.js/React.js, PostgreSQL). Their focus on Azure/Kubernetes aligns partially with infrastructure needs but misses the full-stack development emphasis in the job description.",15.0,17.0,A
55,cv_4,35,23,20,"The candidate has extensive cybersecurity experience but lacks the required full-stack development skills (PHP/Symfony, Vue.js, React.js, etc.) specified in the job description. The CV emphasizes security certifications and industrial systems expertise, which are unrelated to the web development focus of the role.",15.0,3.0,B
55,cv_5,65,35,50,"The candidate has strong machine learning and deep learning expertise but lacks direct experience with the required full-stack technologies (PHP/Symfony, Vue.js, React.js, GraphQL). While DevOps and Docker skills are relevant, the core backend/frontend stack mismatch significantly reduces alignment with the job's technical requirements.",15.0,15.0,tie
56,cv_1,75,20,50,"The candidate has relevant skills in Python, Spark, and SQL, and experience in data analysis. However, the job requires data engineering expertise in ETL, Data Lake, and cloud platforms like Databricks, AWS, and Azure, which are not clearly demonstrated in the CV. The lack of explicit data engineering experience and specific tool proficiency reduces the match score.",25.0,30.0,A
56,cv_2,65,30,30,"The candidate has frontend development experience with JavaScript and React, but lacks critical data engineering skills required (ETL, Data Lake, Python, SQL, Databricks, Spark, AWS/Azure). The role demands core data engineering expertise which is entirely absent from her profile.",35.0,0.0,B
56,cv_3,65,40,55,"The candidate has relevant skills in Python, Azure, and AI, but lacks explicit mentions of Databricks, Spark, and ETL/Data Lake experience required. The absence of JavaScript and detailed data engineering architecture work reduces the match score.",10.0,15.0,A
56,cv_4,68,30,35,"The candidate's profile focuses on frontend development (Swift, SwiftUI) and lacks explicit data engineering experience with required tools (Databricks, Spark, AWS, Azure) or skills (Python, SQL, JavaScript). While soft skills like teamwork are implied, the core technical requirements are unmet, resulting in a low match score.",33.0,5.0,B
56,cv_5,65,36,50,"The candidate has strong machine learning and deep learning experience but lacks explicit data engineering expertise (ETL, Data Lake, architectures) and key tools (Databricks, Spark, AWS, Azure) required by the job. Programming skills in Python are present, but SQL and JavaScript are unmentioned. The role emphasizes data engineering, which is only partially aligned with the candidate's ML-focused background.",15.0,14.0,B
57,cv_1,65,33,50,"The candidate has relevant machine learning certifications and some programming skills, but lacks specific experience with required tools like TensorFlow, Ubuntu, and Matlab. The CV shows no research publications or conference participation, which are critical for the role. The focus on software engineering rather than data science research further reduces alignment.",15.0,17.0,A
57,cv_2,45,34,30,"The candidate has a strong software engineering background but lacks explicit Data Science, machine learning research, or academic teaching experience required by the job. Skills like Python and TensorFlow are not mentioned, and there is no evidence of research publications or conference participation.",15.0,4.0,B
57,cv_3,35,32,34,"The candidate's profile focuses on full-stack web development and DevOps, with no explicit mention of data science, machine learning, or research experience required by the job. While Python is a relevant skill, the CV lacks evidence of TensorFlow, classification algorithms, or academic publishing. The mismatch in core competencies and research responsibilities justifies a low score.",1.0,2.0,A
57,cv_4,88,22,60,"The candidate has strong skills in Python, deep learning, and PyTorch, which align with the job's technical requirements. However, the CV lacks explicit mention of TensorFlow, Ubuntu, and Matlab—tools specifically required in the job description. Additionally, there is no evidence of teaching experience or academic research publication, which are critical for the role as an enseignant vacataire. The partial match justifies a mid-range score.",28.0,38.0,A
57,cv_5,35,29,30,"The candidate has full-stack development experience but lacks explicit research, machine learning, or teaching experience required for the role. While they have technical skills, the absence of Python/TensorFlow/Matlab expertise and no academic publications or teaching roles significantly reduces alignment with the job description.",5.0,1.0,B
58,cv_1,88,29,75,"The candidate has strong Python backend experience with Django/FastAPI and PostgreSQL, aligning with core requirements. They mention Docker and GitHub Actions but lack explicit Ansible/AWS experience listed in the job. DevOps automation depth is partially covered, and AI/NLP skills add value but aren't critical here. The match is strong but incomplete.",13.0,46.0,A
58,cv_2,65,25,50,"The candidate has strong Python and Odoo development experience with Docker/Ansible, aligning with backend and DevOps requirements. However, the CV lacks explicit mention of full-stack web development (e.g., React, Django/Flask beyond Odoo), cloud tools (AWS), and database expertise (MySQL/PostgreSQL) emphasized in the job description. The AI/ML certifications are relevant but not critical for this role.",15.0,25.0,A
58,cv_3,88,23,50,"The candidate has Python skills and data science certifications, which partially align with the job's Python requirements. However, there's no evidence of DevOps experience (Docker, Ansible, GitHub Actions), full-stack web development (Django/Flask), or process automation—core requirements in the job description. The CV lacks specific project details or roles matching the technical stack and responsibilities listed.",38.0,27.0,B
58,cv_4,65,34,50,"The candidate has full-stack development experience with React and Java/Spring, aligning partially with the job's full-stack requirement. However, the job emphasizes Python (Django/Flask), DevOps tools (Docker, Ansible), and data correction processes, which are absent in the CV. The mismatch in core Python/DevOps skills reduces the score to a partial match.",15.0,16.0,A
58,cv_5,75,26,50,"The candidate has strong machine learning and deep learning experience, aligning with Python and DevOps tools like Docker/GitHub. However, the job requires full-stack web development (Django/Flask, React/Angular) and DevOps automation (Ansible, GitHub Actions) which are not demonstrated in the CV. The focus on geometric deep learning and research projects does not match the application development and deployment automation requirements.",25.0,24.0,B
59,cv_1,75,45,65,"The candidate has full-stack experience and AWS/DevOps certifications, aligning with core requirements. However, the CV lacks explicit mention of Next.js, Tailwind CSS, and GitHub Actions for CI/CD, which are critical in the job description. Partial match with some key skills missing.",10.0,20.0,A
